Data;IV/MA * 100
08/01/2019;111,2206935
09/01/2019;110,7163774
10/01/2019;111,5473404
11/01/2019;111,7039243
14/01/2019;110,7443089
15/01/2019;112,0205447
16/01/2019;111,0257741
17/01/2019;111,0741071
18/01/2019;109,20279
22/01/2019;103,7955533
23/01/2019;107,2723462
24/01/2019;108,6562115
25/01/2019;103,4867241
28/01/2019;106,8375726
29/01/2019;108,1666969
30/01/2019;109,3939916
31/01/2019;107,5896747
01/02/2019;107,6477021
04/02/2019;109,6395934
05/02/2019;109,7757271
06/02/2019;105,3500829
07/02/2019;103,2577473
08/02/2019;103,6722387
11/02/2019;104,8110946
12/02/2019;105,1109854
13/02/2019;102,5682304
14/02/2019;103,3010803
15/02/2019;103,1012742
19/02/2019;108,1192968
20/02/2019;106,0671328
21/02/2019;106,3401559
22/02/2019;104,0544422
25/02/2019;109,8486682
26/02/2019;107,9672801
27/02/2019;106,2812108
28/02/2019;106,8286554
01/03/2019;103,6259477
04/03/2019;107,3951824
05/03/2019;107,3499164
06/03/2019;106,0117022
07/03/2019;102,7498389
08/03/2019;99,70918377
11/03/2019;101,1558863
12/03/2019;101,1752808
13/03/2019;101,9552074
14/03/2019;102,2529625
15/03/2019;102,5602409
18/03/2019;102,3216586
19/03/2019;101,0904845
20/03/2019;99,28768385
21/03/2019;99,56916935
22/03/2019;99,97802335
25/03/2019;100,1241971
26/03/2019;99,7116734
27/03/2019;99,39087339
28/03/2019;99,08675321
29/03/2019;99,78064931
01/04/2019;104,7912409
02/04/2019;121,9213325
03/04/2019;127,4830379
04/04/2019;129,8765093
05/04/2019;126,2626929
08/04/2019;126,7616954
09/04/2019;125,5079651
10/04/2019;125,2651741
11/04/2019;119,1389025
12/04/2019;117,9737915
15/04/2019;117,912382
16/04/2019;112,9217448
17/04/2019;110,3309833
18/04/2019;109,1438373
22/04/2019;111,6815068
23/04/2019;111,7388926
24/04/2019;116,0341597
25/04/2019;114,541189
26/04/2019;114,7334572
29/04/2019;117,2597395
30/04/2019;117,399978
01/05/2019;115,6928941
02/05/2019;114,1375728
03/05/2019;114,2067308
06/05/2019;119,9687944
07/05/2019;121,9451378
08/05/2019;123,4579548
09/05/2019;122,3647444
10/05/2019;121,363507
13/05/2019;138,7047731
14/05/2019;154,4702651
15/05/2019;153,5014743
16/05/2019;151,4868872
17/05/2019;148,6660281
20/05/2019;153,2761246
21/05/2019;152,3611374
22/05/2019;144,0643755
23/05/2019;142,0590552
24/05/2019;140,9968739
28/05/2019;146,2049258
29/05/2019;142,1733951
30/05/2019;139,1854299
31/05/2019;138,0693529
03/06/2019;133,8587456
04/06/2019;131,1864481
05/06/2019;130,2801783
06/06/2019;128,9356034
07/06/2019;124,4089411
10/06/2019;123,8279535
11/06/2019;122,3775326
12/06/2019;121,6250387
13/06/2019;121,0149026
14/06/2019;121,064862
17/06/2019;122,6461498
18/06/2019;132,1556029
19/06/2019;130,164232
20/06/2019;129,3171302
21/06/2019;131,9230712
24/06/2019;139,4866691
25/06/2019;136,9043232
26/06/2019;138,9427466
27/06/2019;145,189011
28/06/2019;152,9415489
01/07/2019;138,0622282
02/07/2019;138,6983942
03/07/2019;143,0463473
05/07/2019;139,1993084
08/07/2019;135,3578766
09/07/2019;135,241729
10/07/2019;137,2910916
11/07/2019;137,8515759
12/07/2019;136,2082354
15/07/2019;142,4525002
16/07/2019;142,6738827
17/07/2019;144,4752291
18/07/2019;141,8419657
19/07/2019;144,2058291
22/07/2019;138,3284671
23/07/2019;136,7114064
24/07/2019;137,91638
25/07/2019;136,7301287
26/07/2019;135,1065973
29/07/2019;136,3056231
30/07/2019;134,9194036
31/07/2019;134,1494113
01/08/2019;129,1316986
02/08/2019;127,4039962
05/08/2019;129,716639
06/08/2019;130,3585003
07/08/2019;130,2130953
08/08/2019;128,8492204
09/08/2019;125,0057968
12/08/2019;123,3923856
13/08/2019;121,6891315
14/08/2019;120,8160047
15/08/2019;119,4714093
16/08/2019;121,1394162
19/08/2019;124,3582903
20/08/2019;121,9806169
21/08/2019;120,1514112
22/08/2019;119,9205464
23/08/2019;118,2916877
26/08/2019;119,4851054
27/08/2019;116,7092067
28/08/2019;115,9407116
29/08/2019;115,4984967
30/08/2019;111,4782308
03/09/2019;115,9574269
04/09/2019;113,5562874
05/09/2019;112,5627126
06/09/2019;111,0821446
09/09/2019;109,3853623
10/09/2019;108,7691744
11/09/2019;107,5693995
12/09/2019;107,8411647
13/09/2019;107,2664197
16/09/2019;105,9604046
17/09/2019;107,7008457
18/09/2019;106,8368685
19/09/2019;105,4142715
20/09/2019;105,4400747
23/09/2019;105,4934848
24/09/2019;107,4473296
25/09/2019;107,4674369
26/09/2019;107,8840357
27/09/2019;107,9012765
30/09/2019;120,257453
01/10/2019;118,288508
02/10/2019;116,7081155
03/10/2019;115,4763497
04/10/2019;112,7616511
07/10/2019;112,759772
08/10/2019;110,9613095
09/10/2019;109,8887167
10/10/2019;109,3369911
11/10/2019;108,5153908
14/10/2019;109,410538
15/10/2019;115,2388145
16/10/2019;115,8230237
17/10/2019;115,057844
18/10/2019;113,8311993
21/10/2019;111,8626273
22/10/2019;111,769878
23/10/2019;106,9203972
24/10/2019;111,2769165
25/10/2019;105,6715456
28/10/2019;131,2339192
29/10/2019;125,3288368
30/10/2019;122,7141283
31/10/2019;118,7414433
01/11/2019;118,4729836
04/11/2019;116,668099
05/11/2019;113,6757331
06/11/2019;112,9836533
07/11/2019;102,4258452
08/11/2019;99,41736757
11/11/2019;100,4500592
12/11/2019;97,74038987
13/11/2019;98,36936906
14/11/2019;98,36836509
15/11/2019;98,42678599
18/11/2019;97,8817448
19/11/2019;97,86996923
20/11/2019;99,57954653
21/11/2019;99,6056993
22/11/2019;103,4642699
25/11/2019;108,4880117
26/11/2019;105,948831
27/11/2019;104,0750709
29/11/2019;102,5009622
02/12/2019;99,68496879
03/12/2019;101,5978033
04/12/2019;101,7842941
05/12/2019;102,3981807
06/12/2019;102,1092611
09/12/2019;102,0642
10/12/2019;102,0113128
13/12/2019;102,1826721
16/12/2019;102,0116755
17/12/2019;104,9751459
18/12/2019;107,5425806
19/12/2019;106,2518704
20/12/2019;105,9654412
23/12/2019;103,6362167
24/12/2019;103,6314938
26/12/2019;103,2250067
07/01/2020;103,1345795
08/01/2020;101,3476625
09/01/2020;99,09310671
10/01/2020;96,65691081
13/01/2020;95,03928217
14/01/2020;94,86264919
15/01/2020;97,47998518
16/01/2020;98,24466886
17/01/2020;96,72339484
21/01/2020;93,00116159
22/01/2020;92,96901773
23/01/2020;91,66227006
24/01/2020;91,27355599
27/01/2020;92,05336352
28/01/2020;94,20679705
29/01/2020;93,94618336
30/01/2020;94,14525711
31/01/2020;95,27870283
03/02/2020;94,07380473
04/02/2020;92,81583288
05/02/2020;94,09771561
06/02/2020;96,96379795
07/02/2020;96,84097044
10/02/2020;96,63978325
11/02/2020;96,13328655
12/02/2020;96,8037257
13/02/2020;97,7156251
14/02/2020;98,03187839
18/02/2020;98,04285533
19/02/2020;97,18633115
20/02/2020;98,17123763
21/02/2020;97,35347927
24/02/2020;94,5237577
25/02/2020;94,86451741
26/02/2020;95,05880724
27/02/2020;98,98104512
28/02/2020;97,5887687
02/03/2020;95,54569206
03/03/2020;95,1963565
04/03/2020;95,12887681
05/03/2020;94,50581397
06/03/2020;93,74545056
09/03/2020;97,26638008
10/03/2020;100,2238331
11/03/2020;98,40271439
12/03/2020;103,0930791
13/03/2020;136,5358415
16/03/2020;162,5746225
17/03/2020;152,8917668
18/03/2020;149,855981
19/03/2020;144,7174663
20/03/2020;139,4576846
23/03/2020;142,0564997
24/03/2020;140,7349757
25/03/2020;146,2342001
26/03/2020;141,8483875
27/03/2020;138,1963108
30/03/2020;119,1401368
31/03/2020;124,8634084
01/04/2020;119,1251925
02/04/2020;126,3392462
03/04/2020;121,1554145
06/04/2020;123,9093423
07/04/2020;117,6411054
08/04/2020;118,3075474
09/04/2020;116,5568642
13/04/2020;114,7759047
14/04/2020;114,7559287
15/04/2020;114,4556092
16/04/2020;108,5986635
17/04/2020;115,0683483
20/04/2020;107,5360148
21/04/2020;111,2315319
22/04/2020;103,3028884
23/04/2020;103,0721666
24/04/2020;111,0147745
27/04/2020;100,4119
28/04/2020;102,4912629
29/04/2020;106,9792605
30/04/2020;112,0434139
01/05/2020;110,5451106
04/05/2020;116,4345988
05/05/2020;117,0376191
06/05/2020;118,0704516
07/05/2020;111,5785406
08/05/2020;119,4859908
11/05/2020;129,1452345
12/05/2020;121,0530979
13/05/2020;126,0133923
14/05/2020;122,0646986
15/05/2020;128,3404769
18/05/2020;121,6487808
19/05/2020;123,819823
20/05/2020;119,5004748
21/05/2020;120,3672507
22/05/2020;121,610579
26/05/2020;113,1524954
27/05/2020;111,5338964
28/05/2020;107,2651903
29/05/2020;108,4281393
01/06/2020;104,7761897
02/06/2020;113,6830905
03/06/2020;112,5558433
04/06/2020;105,7384543
05/06/2020;105,7667473
08/06/2020;103,7494276
09/06/2020;103,9694887
10/06/2020;106,2252629
11/06/2020;107,7738289
12/06/2020;106,1947773
15/06/2020;110,6920412
16/06/2020;107,1646925
17/06/2020;106,5946536
18/06/2020;106,1948923
19/06/2020;98,79449036
20/06/2020;99,53064285
21/06/2020;99,48179752
22/06/2020;99,66379437
23/06/2020;99,32406414
24/06/2020;101,5431982
25/06/2020;99,2724402
26/06/2020;96,0773466
27/06/2020;93,70390877
28/06/2020;96,22876665
29/06/2020;94,10945175
30/06/2020;92,52385865
01/07/2020;91,44958581
02/07/2020;89,068164
03/07/2020;87,5044327
04/07/2020;89,51548797
05/07/2020;92,14100026
06/07/2020;94,37988481
07/07/2020;95,82568447
08/07/2020;97,5651827
09/07/2020;98,9984072
10/07/2020;94,35388962
11/07/2020;95,48182211
12/07/2020;95,62891436
13/07/2020;95,79847575
14/07/2020;94,62013226
15/07/2020;95,44407367
16/07/2020;94,41638062
17/07/2020;92,03990415
18/07/2020;91,52854627
19/07/2020;92,56617435
20/07/2020;90,85760714
21/07/2020;93,38156623
22/07/2020;92,19686194
23/07/2020;93,68178788
24/07/2020;91,92392365
25/07/2020;92,02330811
26/07/2020;96,67447105
27/07/2020;106,2565067
28/07/2020;105,4312362
29/07/2020;102,1103673
30/07/2020;98,15992497
31/07/2020;100,0392119
01/08/2020;103,2013573
02/08/2020;108,0015432
03/08/2020;107,1156953
04/08/2020;105,8751591
05/08/2020;107,5693211
06/08/2020;105,9629284
07/08/2020;106,5704058
08/08/2020;105,940073
09/08/2020;105,108031
10/08/2020;106,0186454
11/08/2020;107,0541034
12/08/2020;104,3630174
13/08/2020;102,757788
14/08/2020;106,3875768
15/08/2020;112,6343241
16/08/2020;111,9278034
17/08/2020;111,4820198
18/08/2020;111,6751675
19/08/2020;108,578394
20/08/2020;105,8542792
21/08/2020;104,2025381
22/08/2020;104,6491915
23/08/2020;103,5726101
24/08/2020;103,3381557
25/08/2020;103,2706445
26/08/2020;100,9681572
27/08/2020;103,5645911
28/08/2020;98,82086396
29/08/2020;97,8145712
30/08/2020;97,80764573
31/08/2020;99,69958047
01/09/2020;101,3611665
02/09/2020;98,99132259
03/09/2020;102,5797796
04/09/2020;104,126215
05/09/2020;107,1239989
06/09/2020;109,4773354
07/09/2020;108,0017239
08/09/2020;109,9216467
09/09/2020;110,1527204
10/09/2020;107,3245278
11/09/2020;105,0900551
12/09/2020;100,8503866
13/09/2020;103,2168234
14/09/2020;101,6509066
15/09/2020;101,5508679
16/09/2020;100,9210551
17/09/2020;100,3434096
18/09/2020;97,81140499
19/09/2020;96,0675951
20/09/2020;95,33334511
21/09/2020;98,02623137
22/09/2020;97,71224536
23/09/2020;96,10047107
24/09/2020;96,79280164
25/09/2020;91,60593865
26/09/2020;91,49744155
27/09/2020;92,85639881
28/09/2020;93,3888901
29/09/2020;93,0662919
30/09/2020;93,39120537
01/10/2020;96,90710988
02/10/2020;96,47210413
03/10/2020;95,278418
04/10/2020;96,42088831
05/10/2020;98,14403662
06/10/2020;97,15717768
07/10/2020;98,13048801
08/10/2020;98,31330245
09/10/2020;95,73585265
10/10/2020;96,58680783
11/10/2020;96,4411202
12/10/2020;95,94663341
13/10/2020;96,56946703
14/10/2020;95,37512471
15/10/2020;95,1882292
16/10/2020;94,62601435
17/10/2020;94,90561686
18/10/2020;94,48746908
19/10/2020;95,38167994
20/10/2020;97,19676074
21/10/2020;103,1156755
22/10/2020;100,2550054
23/10/2020;98,99407169
24/10/2020;97,94019417
25/10/2020;98,45874734
26/10/2020;96,62458711
27/10/2020;100,1242662
28/10/2020;101,6437938
29/10/2020;100,6098949
30/10/2020;98,93332395
31/10/2020;104,6782918
01/11/2020;106,2929779
02/11/2020;108,8823522
03/11/2020;108,0284903
04/11/2020;106,2006263
05/11/2020;110,5773032
06/11/2020;112,8302824
07/11/2020;110,7100235
08/11/2020;109,3315872
09/11/2020;111,3552503
10/11/2020;107,0701672
11/11/2020;106,4546
12/11/2020;110,198484
13/11/2020;109,2832849
14/11/2020;110,3753117
15/11/2020;111,2772776
16/11/2020;111,0306262
17/11/2020;116,2327227
18/11/2020;123,2299099
19/11/2020;116,7123899
20/11/2020;118,6738301
21/11/2020;124,411272
22/11/2020;123,2708346
23/11/2020;128,1765813
24/11/2020;127,3569795
25/11/2020;128,4067435
26/11/2020;125,9523292
27/11/2020;122,3924808
28/11/2020;118,2088656
29/11/2020;120,2050227
30/11/2020;131,6035295
01/12/2020;135,2898629
02/12/2020;126,4389639
03/12/2020;125,4015632
04/12/2020;123,5496687
05/12/2020;122,3339731
06/12/2020;123,1642221
07/12/2020;123,8496275
08/12/2020;122,3735507
09/12/2020;118,5513765
10/12/2020;117,9695626
11/12/2020;116,8721893
12/12/2020;116,7412965
13/12/2020;119,5988521
14/12/2020;120,2892658
15/12/2020;119,7027406
16/12/2020;123,0407208
17/12/2020;134,5205216
18/12/2020;125,2472752
19/12/2020;132,737984
20/12/2020;131,3282217
21/12/2020;131,3730092
22/12/2020;131,8378151
23/12/2020;133,6655172
24/12/2020;125,6973065
25/12/2020;128,3044198
26/12/2020;128,8074396
27/12/2020;132,75661
28/12/2020;130,4138337
29/12/2020;131,4970189
30/12/2020;129,7481076
31/12/2020;135,8400143
01/01/2021;127,692417
02/01/2021;132,6024411
03/01/2021;138,7278947
04/01/2021;144,1975529
05/01/2021;139,5305001
06/01/2021;143,9747525
07/01/2021;157,996172
08/01/2021;158,6990655
09/01/2021;155,6359249
10/01/2021;160,3465255
11/01/2021;156,3158472
12/01/2021;165,7775802
13/01/2021;158,3160081
14/01/2021;164,4742629
15/01/2021;167,6402907
16/01/2021;164,3999294
17/01/2021;157,6091577
18/01/2021;153,7183848
19/01/2021;154,6511737
20/01/2021;146,2459971
21/01/2021;144,2897878
22/01/2021;140,2868946
23/01/2021;138,0311044
24/01/2021;139,5323369
25/01/2021;137,1829389
26/01/2021;136,0837251
27/01/2021;139,8560494
28/01/2021;139,9836703
29/01/2021;145,4115044
30/01/2021;137,6492993
31/01/2021;137,9153497
01/02/2021;135,4932902
02/02/2021;131,5346184
03/02/2021;129,8725788
04/02/2021;128,9215158
05/02/2021;127,6348271
06/02/2021;126,5742005
07/02/2021;129,0015673
08/02/2021;133,3752404
09/02/2021;134,5122785
10/02/2021;131,3817941
11/02/2021;131,7130013
12/02/2021;130,241531
13/02/2021;129,3437659
14/02/2021;128,8232604
15/02/2021;127,3334092
16/02/2021;129,720548
17/02/2021;124,9734955
18/02/2021;127,648546
19/02/2021;122,9303079
20/02/2021;122,4585974
21/02/2021;121,9796326
22/02/2021;126,3817398
23/02/2021;132,4708278
24/02/2021;127,2580514
25/02/2021;124,1664422
26/02/2021;121,3533446
27/02/2021;122,2488962
28/02/2021;124,9434849
01/03/2021;123,5226554
02/03/2021;121,4380836
03/03/2021;120,8453963
04/03/2021;121,2120085
05/03/2021;120,5154563
06/03/2021;119,2883389
07/03/2021;118,5160034
08/03/2021;117,7487783
09/03/2021;117,9064776
10/03/2021;116,1639968
11/03/2021;118,9427831
12/03/2021;117,6116462
13/03/2021;118,0279704
14/03/2021;118,4173126
15/03/2021;118,1341618
16/03/2021;117,0596405
17/03/2021;118,0117441
18/03/2021;115,9217142
19/03/2021;112,4046513
20/03/2021;110,6700957
21/03/2021;106,3574998
22/03/2021;105,8820912
23/03/2021;104,3355654
24/03/2021;104,0432682
25/03/2021;107,5810939
26/03/2021;103,0760486
27/03/2021;101,4448089
28/03/2021;100,1279343
29/03/2021;102,7471229
30/03/2021;104,4064394
31/03/2021;105,9528959
01/04/2021;102,5680722
02/04/2021;101,8896087
03/04/2021;102,8833188
04/04/2021;102,8875741
05/04/2021;101,5288189
06/04/2021;101,7535562
07/04/2021;101,4816979
08/04/2021;98,64335358
09/04/2021;99,91956874
10/04/2021;102,8864014
11/04/2021;102,5423618
12/04/2021;103,5944386
13/04/2021;105,5488052
14/04/2021;104,205899
15/04/2021;99,68495721
16/04/2021;99,36785785
17/04/2021;97,24441791
18/04/2021;106,2224318
19/04/2021;103,4885697
20/04/2021;101,98286
21/04/2021;101,0238443
22/04/2021;98,33086488
23/04/2021;107,1177304
24/04/2021;108,2112203
25/04/2021;108,3295274
26/04/2021;100,7507832
27/04/2021;99,27771634
28/04/2021;97,76739502
29/04/2021;98,65812255
30/04/2021;96,13350832
01/05/2021;96,24846101
02/05/2021;98,27206834
03/05/2021;98,44249565
04/05/2021;102,0874784
05/05/2021;101,1693914
06/05/2021;99,38575688
07/05/2021;98,38014817
08/05/2021;100,0455671
09/05/2021;101,850477
10/05/2021;104,7667119
11/05/2021;102,4021132
12/05/2021;102,0898548
13/05/2021;105,5197676
14/05/2021;105,864787
15/05/2021;110,1116964
16/05/2021;109,7869386
17/05/2021;121,3919741
18/05/2021;115,4168974
19/05/2021;117,723966
20/05/2021;115,4588806
21/05/2021;122,8736586
22/05/2021;123,782135
23/05/2021;136,7779079
24/05/2021;122,6180897
25/05/2021;120,5779678
26/05/2021;115,6362773
27/05/2021;110,0919574
28/05/2021;113,2654031
29/05/2021;117,0998948
30/05/2021;116,2509575
31/05/2021;109,0238194
01/06/2021;109,9720249
02/06/2021;108,0359742
03/06/2021;105,973988
04/06/2021;107,0087648
05/06/2021;109,5178215
06/06/2021;108,5770256
07/06/2021;106,40686
08/06/2021;113,5489407
09/06/2021;108,153798
10/06/2021;106,0350991
11/06/2021;104,7181595
12/06/2021;106,179066
13/06/2021;105,2267328
14/06/2021;106,7030952
15/06/2021;104,006013
16/06/2021;104,6425268
17/06/2021;103,2519816
18/06/2021;104,5214934
19/06/2021;102,0309399
20/06/2021;103,9002839
21/06/2021;108,3922653
22/06/2021;110,9768555
23/06/2021;106,788271
24/06/2021;106,1311788
25/06/2021;108,2828175
26/06/2021;109,4268556
27/06/2021;107,2102134
28/06/2021;107,0221464
29/06/2021;104,5434531
30/06/2021;107,011548
01/07/2021;105,3145592
02/07/2021;104,1844619
03/07/2021;103,2871827
04/07/2021;102,6232237
05/07/2021;102,1419114
06/07/2021;102,4381073
07/07/2021;101,4992581
08/07/2021;101,3608838
09/07/2021;100,1773258
10/07/2021;98,95335859
11/07/2021;99,10908948
12/07/2021;99,72990984
13/07/2021;99,61077816
14/07/2021;99,22466273
15/07/2021;98,6051736
16/07/2021;96,39291456
17/07/2021;95,91518049
18/07/2021;96,53708597
19/07/2021;98,60186358
20/07/2021;100,7076177
21/07/2021;98,58827864
22/07/2021;97,81789813
23/07/2021;96,07530635
24/07/2021;96,24317951
25/07/2021;97,65893265
26/07/2021;99,78854754
27/07/2021;98,94608864
28/07/2021;103,7518007
29/07/2021;103,8452453
30/07/2021;100,4727387
31/07/2021;101,4017603
01/08/2021;102,2858556
02/08/2021;103,3355708
03/08/2021;104,9846906
04/08/2021;106,9133409
05/08/2021;107,5606975
06/08/2021;107,0733121
07/08/2021;107,8548141
08/08/2021;109,1119254
09/08/2021;114,0041648
10/08/2021;114,0376867
11/08/2021;112,2355533
12/08/2021;110,4902108
13/08/2021;109,5145683
14/08/2021;110,5179472
15/08/2021;110,1825074
16/08/2021;109,9434366
17/08/2021;109,1860721
18/08/2021;108,2702377
19/08/2021;107,8194562
20/08/2021;108,592171
21/08/2021;108,0394259
22/08/2021;107,6660271
23/08/2021;108,5862951
24/08/2021;107,5788302
25/08/2021;106,3840894
26/08/2021;107,1060093
27/08/2021;105,5482291
28/08/2021;105,8362686
29/08/2021;105,8012388
30/08/2021;106,1311872
31/08/2021;108,0629175
01/09/2021;108,4903863
02/09/2021;109,0972014
03/09/2021;107,6012434
04/09/2021;106,880545
05/09/2021;107,177179
06/09/2021;106,4731354
07/09/2021;109,2332748
08/09/2021;107,9734549
09/09/2021;107,5218267
10/09/2021;107,4250051
11/09/2021;106,7852124
12/09/2021;106,7457119
13/09/2021;109,3977851
14/09/2021;107,8306564
15/09/2021;106,8620106
16/09/2021;105,175326
17/09/2021;103,3879447
18/09/2021;104,4018707
19/09/2021;103,9618256
20/09/2021;107,0687684
21/09/2021;107,7521505
22/09/2021;107,2328548
23/09/2021;103,9876669
24/09/2021;104,5650925
25/09/2021;103,0283358
26/09/2021;102,8531944
27/09/2021;105,9643802
28/09/2021;106,6423864
29/09/2021;107,6331624
30/09/2021;107,6968959
01/10/2021;106,2592926
02/10/2021;103,5904897
03/10/2021;104,7576007
04/10/2021;107,1579128
05/10/2021;108,4867225
06/10/2021;108,5573293
07/10/2021;107,5260598
08/10/2021;106,3878573
09/10/2021;106,2165494
10/10/2021;106,1373451
11/10/2021;107,8983426
12/10/2021;109,0617226
13/10/2021;110,0362602
14/10/2021;111,0199008
15/10/2021;113,0406616
16/10/2021;105,1655782
17/10/2021;106,7024422
18/10/2021;108,2093124
19/10/2021;108,6789203
20/10/2021;109,9271517
21/10/2021;109,3725272
22/10/2021;104,3328825
23/10/2021;105,8284982
24/10/2021;106,9864456
25/10/2021;105,6338914
26/10/2021;105,1838726
27/10/2021;107,0860254
28/10/2021;105,395938
29/10/2021;107,8893936
30/10/2021;105,8712181
31/10/2021;106,9393508
01/11/2021;106,4244287
02/11/2021;106,1931914
03/11/2021;104,2649626
04/11/2021;104,7801849
05/11/2021;104,7902052
06/11/2021;104,7477916
07/11/2021;105,7671108
08/11/2021;106,351901
09/11/2021;105,160111
10/11/2021;105,5718521
11/11/2021;105,5907295
12/11/2021;107,9765502
13/11/2021;107,1153254
14/11/2021;106,7245456
15/11/2021;106,0065068
16/11/2021;106,4770385
17/11/2021;107,0452159
18/11/2021;110,6482029
19/11/2021;107,5802812
20/11/2021;107,7558639
21/11/2021;107,1803748
22/11/2021;107,7965904
23/11/2021;108,0439132
24/11/2021;108,4467587
25/11/2021;107,1647157
26/11/2021;106,1637804
27/11/2021;105,5435797
28/11/2021;104,954959
29/11/2021;104,2918653
30/11/2021;106,5083022
01/12/2021;104,1510441
02/12/2021;104,6052525
03/12/2021;105,0490998
04/12/2021;107,6919419
05/12/2021;107,7348338
06/12/2021;104,5031259
07/12/2021;106,2885478
08/12/2021;106,3114766
09/12/2021;108,9612878
10/12/2021;109,8212095
11/12/2021;109,3570557
12/12/2021;110,6067974
13/12/2021;108,906823
14/12/2021;109,6085345
15/12/2021;109,0943721
16/12/2021;106,5827232
17/12/2021;106,1329991
18/12/2021;107,5992344
19/12/2021;107,0172497
20/12/2021;107,1617211
21/12/2021;106,3103831
22/12/2021;105,7392532
23/12/2021;104,2283931
24/12/2021;102,815624
25/12/2021;103,1405334
26/12/2021;103,4815392
27/12/2021;102,4952066
28/12/2021;100,9537841
29/12/2021;102,3186249
30/12/2021;101,8997458
31/12/2021;100,8719607
01/01/2022;96,93487115
02/01/2022;97,09178971
03/01/2022;97,42211099
04/01/2022;97,9948831
05/01/2022;97,82736403
06/01/2022;99,62606728
07/01/2022;98,69183674
08/01/2022;98,00382708
09/01/2022;97,94512854
10/01/2022;99,21777219
11/01/2022;101,8381664
12/01/2022;99,13256276
13/01/2022;95,94846549
14/01/2022;94,45068289
15/01/2022;93,93771021
16/01/2022;94,88702067
17/01/2022;95,80669924
18/01/2022;95,69347383
19/01/2022;94,59305764
20/01/2022;92,23796758
21/01/2022;96,99745223
22/01/2022;101,9686355
23/01/2022;102,4096224
24/01/2022;106,1883332
25/01/2022;104,4574647
26/01/2022;103,6187644
27/01/2022;102,9769456
28/01/2022;99,80660248
29/01/2022;100,5240665
30/01/2022;99,86078044
31/01/2022;98,77236726
01/02/2022;98,2801438
02/02/2022;100,129578
03/02/2022;99,72153137
04/02/2022;98,68882678
05/02/2022;98,45900186
06/02/2022;97,40429066
07/02/2022;99,18434803
08/02/2022;99,68550815
09/02/2022;100,3801163
10/02/2022;99,66668862
11/02/2022;99,11675813
12/02/2022;101,9680224
13/02/2022;101,1788822
14/02/2022;100,9283937
15/02/2022;101,0025525
16/02/2022;101,3995551
17/02/2022;100,5833212
18/02/2022;101,0061019
19/02/2022;100,9266558
20/02/2022;103,0793264
21/02/2022;104,2744925
22/02/2022;105,7066427
23/02/2022;104,0113194
24/02/2022;109,5949596
25/02/2022;104,7295311
26/02/2022;103,257188
27/02/2022;106,9496462
28/02/2022;108,0444174
01/03/2022;106,9147226
02/03/2022;106,0979199
03/03/2022;106,1851587
04/03/2022;107,1697833
05/03/2022;107,6330444
06/03/2022;107,7365572
07/03/2022;108,4516772
08/03/2022;110,0638695
09/03/2022;109,6375131
10/03/2022;110,9270713
11/03/2022;106,0644138
12/03/2022;107,3031699
13/03/2022;107,2911471
14/03/2022;108,4468424
15/03/2022;108,3083185
16/03/2022;109,9235651
17/03/2022;107,2358239
18/03/2022;104,6110871
19/03/2022;103,5617407
20/03/2022;105,2347183
21/03/2022;104,7694186
22/03/2022;103,7609905
23/03/2022;100,756403
24/03/2022;98,9995821
25/03/2022;96,59755038
26/03/2022;96,91347862
27/03/2022;99,7563651
28/03/2022;97,6571112
29/03/2022;96,5244717
30/03/2022;95,95802705
31/03/2022;97,12115469
01/04/2022;94,55224885
02/04/2022;94,24886245
03/04/2022;94,42685997
04/04/2022;96,35488954
05/04/2022;97,14500795
06/04/2022;100,0910326
07/04/2022;97,9451198
08/04/2022;96,29055652
09/04/2022;96,09555714
10/04/2022;96,26103076
11/04/2022;99,48000171
12/04/2022;98,87804591
13/04/2022;98,97871476
14/04/2022;98,00195149
15/04/2022;96,63217407
16/04/2022;96,67152094
17/04/2022;98,66796847
18/04/2022;98,31651947
19/04/2022;96,93607693
20/04/2022;96,9573048
21/04/2022;97,32282288
22/04/2022;98,01545696
23/04/2022;96,71590905
24/04/2022;97,86822005
25/04/2022;100,4093489
26/04/2022;100,8295532
27/04/2022;100,3221464
28/04/2022;98,64191597
29/04/2022;97,63399642
30/04/2022;97,35133819
01/05/2022;98,29513783
02/05/2022;99,8810487
03/05/2022;100,1552193
04/05/2022;101,2321676
05/05/2022;102,4916789
06/05/2022;102,18679
07/05/2022;101,4796269
08/05/2022;105,5856536
09/05/2022;112,2382433
10/05/2022;112,7599697
11/05/2022;119,1917715
12/05/2022;132,1118742
13/05/2022;117,5721408
14/05/2022;119,5957042
15/05/2022;118,2413431
16/05/2022;120,8191257
17/05/2022;117,4749949
18/05/2022;119,0843943
19/05/2022;117,9306613
20/05/2022;119,0362963
21/05/2022;116,5917737
22/05/2022;115,9156143
23/05/2022;114,6897353
24/05/2022;115,9201352
25/05/2022;115,430699
26/05/2022;114,9191266
27/05/2022;115,0135322
28/05/2022;114,4406928
29/05/2022;113,5826486
30/05/2022;110,8872503
31/05/2022;110,5661054
01/06/2022;109,5324948
02/06/2022;108,0974148
03/06/2022;108,3909506
04/06/2022;106,5532885
05/06/2022;107,4609995
06/06/2022;105,0903158
07/06/2022;107,365898
08/06/2022;106,9554055
09/06/2022;107,1022133
10/06/2022;110,2443676
11/06/2022;112,7703903
12/06/2022;113,2836675
13/06/2022;127,3522508
14/06/2022;125,1631888
15/06/2022;132,6543397
16/06/2022;127,9520179
17/06/2022;128,1124119
18/06/2022;132,4107111
19/06/2022;130,0435419
20/06/2022;125,9832553
21/06/2022;121,1260675
22/06/2022;124,1721036
23/06/2022;123,5680867
24/06/2022;118,9761992
25/06/2022;117,9557965
26/06/2022;118,0970185
27/06/2022;119,5303397
28/06/2022;117,611666
29/06/2022;118,4716782
30/06/2022;121,4099162
01/07/2022;118,7690462
02/07/2022;118,5363658
03/07/2022;119,5131212
04/07/2022;117,264416
05/07/2022;116,9006895
06/07/2022;115,1997777
07/07/2022;114,6053348
08/07/2022;114,2170183
09/07/2022;109,8866969
10/07/2022;111,0162033
11/07/2022;113,3930317
12/07/2022;113,7552528
13/07/2022;114,3298472
14/07/2022;115,5109666
15/07/2022;112,62801
16/07/2022;113,0044445
17/07/2022;116,1919804
18/07/2022;115,8229619
19/07/2022;116,7892977
20/07/2022;118,5217145
21/07/2022;116,8268457
22/07/2022;116,6473711
23/07/2022;115,6239403
24/07/2022;115,5038229
25/07/2022;114,9910546
26/07/2022;115,5762761
27/07/2022;114,4099963
28/07/2022;111,9950153
29/07/2022;110,6963259
30/07/2022;113,6336157
31/07/2022;113,8067076
01/08/2022;114,2564274
02/08/2022;113,6748094
03/08/2022;112,3375785
04/08/2022;111,9510397
05/08/2022;111,4350219
06/08/2022;110,7534929
07/08/2022;111,1152978
08/08/2022;113,0351745
09/08/2022;112,5710227
10/08/2022;110,9624698
11/08/2022;110,8858953
12/08/2022;110,3046521
13/08/2022;110,5836226
14/08/2022;110,6458319
15/08/2022;110,794617
16/08/2022;112,2962155
17/08/2022;114,3661929
18/08/2022;114,5606487
19/08/2022;112,469686
20/08/2022;112,8660089
21/08/2022;112,7954825
22/08/2022;114,1184094
23/08/2022;112,79264
24/08/2022;110,2020813
25/08/2022;111,1937245
26/08/2022;107,6181569
27/08/2022;108,5610591
28/08/2022;108,4391135
29/08/2022;108,2403234
30/08/2022;109,7656772
31/08/2022;109,6026626
01/09/2022;110,9427321
02/09/2022;107,5677076
03/09/2022;108,0733178
04/09/2022;108,4726333
05/09/2022;108,8044228
06/09/2022;108,9932978
07/09/2022;110,3776325
08/09/2022;108,574188
09/09/2022;107,9702094
10/09/2022;108,6551777
11/09/2022;111,4744421
12/09/2022;111,8224502
13/09/2022;113,1839526
14/09/2022;112,249641
15/09/2022;111,0326035
16/09/2022;108,6067529
17/09/2022;106,3343407
18/09/2022;107,3201975
19/09/2022;107,2128885
20/09/2022;108,2264921
21/09/2022;110,0829926
22/09/2022;110,1761615
23/09/2022;109,8856055
24/09/2022;107,2326364
25/09/2022;106,9615296
26/09/2022;108,4351033
27/09/2022;110,4898711
28/09/2022;108,7627722
29/09/2022;110,0004494
30/09/2022;106,4430008
01/10/2022;106,1190983
02/10/2022;107,6302564
03/10/2022;106,8903072
04/10/2022;106,8042693
05/10/2022;107,0779471
06/10/2022;106,6408815
07/10/2022;104,2364471
08/10/2022;101,6788057
09/10/2022;103,5599134
10/10/2022;106,2051484
11/10/2022;106,2318958
12/10/2022;106,3433439
13/10/2022;104,1111707
14/10/2022;100,6718119
15/10/2022;99,79116582
16/10/2022;100,2354904
17/10/2022;98,57167667
18/10/2022;99,49450072
19/10/2022;99,23968632
20/10/2022;98,83066879
21/10/2022;99,46178099
22/10/2022;99,62908304
23/10/2022;100,99987
24/10/2022;100,7568889
25/10/2022;101,9682914
26/10/2022;104,4677539
27/10/2022;101,413607
28/10/2022;96,83032681
29/10/2022;97,99099106
30/10/2022;100,985375
31/10/2022;101,514586
01/11/2022;101,9659268
02/11/2022;101,4720651
03/11/2022;97,6599392
04/11/2022;99,63304763
05/11/2022;98,29397794
06/11/2022;99,51013749
07/11/2022;101,5154838
08/11/2022;105,2208673
09/11/2022;122,9110812
10/11/2022;116,7704363
11/11/2022;122,4608725
12/11/2022;120,6255804
13/11/2022;123,7091912
14/11/2022;120,3042863
15/11/2022;114,4593514
16/11/2022;119,0795729
17/11/2022;114,6053649
18/11/2022;110,0650251
19/11/2022;108,749357
20/11/2022;111,9850502
21/11/2022;113,0839752
22/11/2022;112,9811196
23/11/2022;111,0924136
24/11/2022;108,265986
25/11/2022;104,0871424
26/11/2022;102,9987569
27/11/2022;103,0488671
28/11/2022;104,6737965
29/11/2022;103,9356429
30/11/2022;102,9666021
01/12/2022;100,257769
02/12/2022;98,85630547
03/12/2022;98,41501882
04/12/2022;100,5222226
05/12/2022;98,82873291
06/12/2022;98,61969463
07/12/2022;100,5381094
08/12/2022;99,59428498
09/12/2022;99,40536323
10/12/2022;101,1284341
11/12/2022;102,9450587
12/12/2022;103,090632
13/12/2022;102,2344352
14/12/2022;100,6625178
15/12/2022;99,11951074
16/12/2022;101,3626939
17/12/2022;103,8252607
18/12/2022;106,1341906
19/12/2022;103,0337673
20/12/2022;102,6190032
21/12/2022;101,6446438
22/12/2022;99,59235605
23/12/2022;98,0028732
24/12/2022;97,54465425
25/12/2022;98,03876611
26/12/2022;97,60576949
27/12/2022;97,28081662
28/12/2022;98,32901734
29/12/2022;98,01595999
30/12/2022;94,73515754
31/12/2022;92,28348404
01/01/2023;92,44006597
02/01/2023;93,08113118
03/01/2023;95,09610001
04/01/2023;89,72736012
05/01/2023;91,42435678
06/01/2023;89,78107744
07/01/2023;88,12917968
08/01/2023;89,26344512
09/01/2023;90,89042915
10/01/2023;91,91826245
11/01/2023;93,03476047
12/01/2023;93,17368827
13/01/2023;102,2374316
14/01/2023;114,289581
15/01/2023;115,2864565
16/01/2023;112,686768
17/01/2023;111,1264064
18/01/2023;111,0074408
19/01/2023;105,8204223
20/01/2023;103,60507
21/01/2023;112,0649526
22/01/2023;109,5137033
23/01/2023;112,3315633
24/01/2023;112,00874
25/01/2023;106,462094
26/01/2023;106,6315247
27/01/2023;104,8802398
28/01/2023;103,3113907
29/01/2023;107,2708814
30/01/2023;104,810272
31/01/2023;106,2232542
01/02/2023;107,7745199
02/02/2023;106,0974286
03/02/2023;104,1540114
04/02/2023;103,9332934
05/02/2023;105,3545615
06/02/2023;105,2896004
07/02/2023;104,6012301
08/02/2023;103,4916359
09/02/2023;102,4047313
10/02/2023;102,4346453
11/02/2023;100,2686279
12/02/2023;99,54007655
13/02/2023;103,4147566
14/02/2023;100,1678457
15/02/2023;101,043049
16/02/2023;109,1571284
17/02/2023;110,2495071
18/02/2023;111,2928963
19/02/2023;112,9696588
20/02/2023;113,3021815
21/02/2023;113,2199636
22/02/2023;111,8033552
23/02/2023;108,8721647
24/02/2023;106,6115112
25/02/2023;102,9725976
26/02/2023;103,017891
27/02/2023;103,3053896
28/02/2023;102,4455356
01/03/2023;105,9803252
02/03/2023;106,8915405
03/03/2023;104,5542335
04/03/2023;104,6042722
05/03/2023;104,6662428
06/03/2023;105,3271173
07/03/2023;105,4891225
08/03/2023;104,3327704
09/03/2023;102,9808372
10/03/2023;107,2213081
11/03/2023;114,6860551
12/03/2023;112,7989562
13/03/2023;117,8335452
14/03/2023;116,0088489
15/03/2023;116,2988558
16/03/2023;114,2699929
17/03/2023;118,4609143
18/03/2023;121,7415704
19/03/2023;124,8519809
20/03/2023;122,4659113
21/03/2023;123,4544505
22/03/2023;121,2258417
23/03/2023;119,9584926
24/03/2023;120,3197556
25/03/2023;117,3336578
26/03/2023;115,9076001
27/03/2023;118,0808402
28/03/2023;114,6881104
29/03/2023;117,0440483
30/03/2023;118,4019156
31/03/2023;114,3122388
01/04/2023;112,0856396
02/04/2023;113,8711543
03/04/2023;114,0805564
04/04/2023;113,8516945
05/04/2023;113,1282795
06/04/2023;112,1938942
07/04/2023;109,4221048
08/04/2023;109,9086155
09/04/2023;110,7817638
10/04/2023;115,4986102
11/04/2023;114,4217473
12/04/2023;110,9747167
13/04/2023;110,5665564
14/04/2023;108,6764143
15/04/2023;108,1477304
16/04/2023;109,7694248
17/04/2023;111,34494
18/04/2023;110,3729858
19/04/2023;110,6062159
20/04/2023;109,7961991
21/04/2023;109,1448252
22/04/2023;109,878421
23/04/2023;110,8559651
24/04/2023;109,2228175
25/04/2023;108,3666449
26/04/2023;111,3931514
27/04/2023;110,480429
28/04/2023;108,4286095
29/04/2023;106,9948546
30/04/2023;108,8477526
01/05/2023;110,4375068
02/05/2023;110,0752797
03/05/2023;110,5013081
04/05/2023;110,1970391
05/05/2023;109,062801
06/05/2023;108,7384324
07/05/2023;108,2365917
08/05/2023;108,3646632
09/05/2023;109,2401418
10/05/2023;108,4509514
11/05/2023;109,3540865
12/05/2023;109,7061542
13/05/2023;107,3945083
14/05/2023;106,4628414
15/05/2023;110,1412165
16/05/2023;109,5335507
17/05/2023;108,9666354
18/05/2023;105,9932202
19/05/2023;106,2061969
20/05/2023;106,0837725
21/05/2023;106,5076713
22/05/2023;107,0515161
23/05/2023;109,4014987
24/05/2023;112,2701011
25/05/2023;109,3072669
26/05/2023;105,0455655
27/05/2023;104,4496167
28/05/2023;107,1757542
29/05/2023;107,4054403
30/05/2023;105,3527675
31/05/2023;105,4826271
01/06/2023;103,1748788
02/06/2023;103,0329176
03/06/2023;102,2721813
04/06/2023;103,0020693
05/06/2023;103,0559647
06/06/2023;102,6545112
07/06/2023;106,5164469
08/06/2023;104,3250467
09/06/2023;102,8007105
10/06/2023;104,3500539
11/06/2023;104,492147
12/06/2023;106,8343611
13/06/2023;107,5527924
14/06/2023;105,9780522
15/06/2023;109,4579626
16/06/2023;106,619125
17/06/2023;105,4938424
18/06/2023;105,393144
19/06/2023;107,2488361
20/06/2023;112,9745462
21/06/2023;122,5070589
22/06/2023;117,0415517
23/06/2023;115,5950189
24/06/2023;116,4474716
25/06/2023;117,2701766
26/06/2023;118,0792748
27/06/2023;118,8714765
28/06/2023;119,6679941
29/06/2023;120,4546142
30/06/2023;107,781001
01/07/2023;106,8673826
02/07/2023;109,4195883
03/07/2023;110,6151416
04/07/2023;109,9454687
05/07/2023;107,0939075
06/07/2023;111,0288267
07/07/2023;108,099333
08/07/2023;104,9209718
09/07/2023;104,8081344
10/07/2023;105,3441615
11/07/2023;105,7611702
12/07/2023;104,8164594
13/07/2023;105,842533
14/07/2023;107,216335
15/07/2023;104,7980997
16/07/2023;104,6484724
17/07/2023;104,7579785
18/07/2023;106,0956114
19/07/2023;103,3379704
20/07/2023;102,9685894
21/07/2023;101,8795753
22/07/2023;100,1785099
23/07/2023;99,40219397
24/07/2023;99,91857523
25/07/2023;98,41900932
26/07/2023;101,0602898
27/07/2023;99,34666721
28/07/2023;96,43392786
29/07/2023;95,79291402
30/07/2023;96,93032717
31/07/2023;97,15168308
01/08/2023;97,92607627
02/08/2023;98,43490044
03/08/2023;98,66548155
04/08/2023;96,89522605
05/08/2023;95,87984559
06/08/2023;95,56125663
07/08/2023;98,09887793
08/08/2023;99,61285964
09/08/2023;105,0795591
10/08/2023;100,516593
11/08/2023;98,65675749
12/08/2023;95,58588509
13/08/2023;97,6313414
14/08/2023;98,03565584
15/08/2023;99,10306819
16/08/2023;101,4273296
17/08/2023;104,9418621
18/08/2023;111,7179649
19/08/2023;108,6391442
20/08/2023;108,3278479
21/08/2023;109,6380184
22/08/2023;109,2712691
23/08/2023;106,4608295
24/08/2023;108,3482122
25/08/2023;99,69891866
26/08/2023;98,28322113
27/08/2023;99,06428579
28/08/2023;100,2907399
29/08/2023;108,4474727
30/08/2023;105,3723955
31/08/2023;104,4876639
01/09/2023;100,9300064
02/09/2023;100,0909228
03/09/2023;102,02831
04/09/2023;103,0024577
05/09/2023;104,744197
06/09/2023;105,1524017
07/09/2023;105,7377049
08/09/2023;107,1521799
09/09/2023;106,1093575
10/09/2023;107,6148602
11/09/2023;112,1911226
12/09/2023;113,5714274
13/09/2023;112,1512154
14/09/2023;112,4948602
24/09/2023;106,0208652
25/09/2023;106,5354865
26/09/2023;107,6181657
27/09/2023;105,4701728
28/09/2023;107,8139051
29/09/2023;102,287492
30/09/2023;100,8986458
01/10/2023;102,7635857
02/10/2023;107,9839391
03/10/2023;105,2054619
04/10/2023;105,1326012
05/10/2023;105,2505154
06/10/2023;102,7032753
07/10/2023;104,8691348
08/10/2023;104,7241656
09/10/2023;106,5633847
10/10/2023;107,0193073
11/10/2023;106,4740762
12/10/2023;106,9496022
13/10/2023;105,6711185
14/10/2023;105,5459573
15/10/2023;106,0546928
16/10/2023;111,0833223
17/10/2023;115,2296388
18/10/2023;113,049189
